Codon, ID, Successive repeat 
GCG, 0, 0 
GCC, 1, 0 
GGC, 2, 1 
GGC, 3, 1 
GGC, 4, 0 
GGA, 5, 0 
GGC, 6, 0 
AGC, 7, 0 
AGT, 8, 0 
AAG, 9, 0 
GCC, 10, 0 
TCC, 11, 1 
TCC, 12, 0 
TCG, 13, 1 
TCG, 14, 0 
GCC, 15, 0 
TCT, 16, 0 
TCG, 17, 0 
GCA, 18, 0 
GGG, 19, 0 
GCT, 20, 0 
CTG, 21, 0 
GAG, 22, 0 
TCC, 23, 0 
TCG, 24, 0 
TTG, 25, 0 
GAT, 26, 0 
CGA, 27, 0 
AAA, 28, 0 
TTC, 29, 0 
CAG, 30, 0 
TCG, 31, 0 
GTA, 32, 0 
ACC, 33, 0 
AAC, 34, 0 
ACC, 35, 0 
ATG, 36, 0 
GAG, 37, 0 
TCC, 38, 0 
ATT, 39, 0 
CAA, 40, 0 
GGC, 41, 0 
TTG, 42, 0 
TCG, 43, 0 
TCT, 44, 0 
TGG, 45, 0 
TGT, 46, 0 
ATA, 47, 0 
GAG, 48, 0 
AAC, 49, 0 
AAA, 50, 1 
AAA, 51, 0 
CAC, 52, 1 
CAC, 53, 0 
AGT, 54, 0 
ACT, 55, 0 
ATC, 56, 0 
GTC, 57, 0 
TAT, 58, 0 
CAT, 59, 0 
TGG, 60, 0 
ATG, 61, 0 
AAG, 62, 0 
TGG, 63, 0 
CTC, 64, 0 
CGG, 65, 0 
AGA, 66, 0 
TCT, 67, 0 
GCA, 68, 0 
TAT, 69, 0 
CCC, 70, 0 
CAC, 71, 0 
CGT, 72, 0 
TTG, 73, 0 
AAT, 74, 0 
CTC, 75, 0 
TTT, 76, 0 
TAC, 77, 0 
CTT, 78, 0 
GCC, 79, 0 
AAT, 80, 0 
GAT, 81, 0 
GTC, 82, 0 
ATA, 83, 0 
CAG, 84, 0 
AAC, 85, 0 
TGT, 86, 0 
AAA, 87, 0 
AGG, 88, 0 
AAA, 89, 0 
AAT, 90, 0 
GCA, 91, 0 
ATC, 92, 0 
ATA, 93, 0 
TTC, 94, 0 
CGT, 95, 0 
GAA, 96, 0 
TCA, 97, 0 
TTT, 98, 0 
GCT, 99, 0 
GAT, 100, 0 
GTA, 101, 0 
CTT, 102, 0 
CCT, 103, 0 
GAA, 104, 0 
GCA, 105, 0 
GCT, 106, 1 
GCT, 107, 0 
CTA, 108, 0 
GTG, 109, 0 
AAG, 110, 0 
GAT, 111, 0 
CCA, 112, 0 
TCT, 113, 0 
GTC, 114, 0 
TCT, 115, 0 
AAG, 116, 0 
TCT, 117, 0 
GTA, 118, 0 
GAA, 119, 0 
CGA, 120, 0 
ATC, 121, 0 
TTT, 122, 0 
AAA, 123, 0 
ATC, 124, 0 
TGG, 125, 0 
GAA, 126, 0 
GAT, 127, 0 
AGA, 128, 0 
AAT, 129, 0 
GTA, 130, 0 
TAC, 131, 0 
CCA, 132, 0 
GAA, 133, 1 
GAA, 134, 0 
ATG, 135, 0 
ATT, 136, 0 
GTG, 137, 0 
GCA, 138, 0 
TTG, 139, 0 
AGA, 140, 0 
GAA, 141, 0 
GCT, 142, 0 
TTG, 143, 0 
ACA, 144, 0 
TCT, 145, 0 
ACA, 146, 0 
AAT, 147, 0 
CCA, 148, 0 
AAA, 149, 0 
GCT, 150, 1 
GCT, 151, 0 
CTC, 152, 0 
AAG, 153, 0 
TCT, 154, 0 
AAG, 155, 0 
ATA, 156, 0 
GTT, 157, 0 
GCT, 158, 0 
GAA, 159, 0 
TTT, 160, 0 
CGA, 161, 0 
TCT, 162, 0 
CAG, 163, 0 
GCC, 164, 0 
CTA, 165, 0 
ATT, 166, 0 
GAA, 167, 0 
GAG, 168, 0 
CTG, 169, 0 
TTG, 170, 0 
CTA, 171, 0 
TAC, 172, 0 
AAG, 173, 0 
CGC, 174, 0 
TCA, 175, 0 
GAA, 176, 0 
GAT, 177, 0 
CAG, 178, 0 
ATA, 179, 0 
GAA, 180, 0 
CTG, 181, 0 
AAG, 182, 0 
GAA, 183, 0 
AAG, 184, 0 
CAG, 185, 0 
TTG, 186, 0 
TCA, 187, 0 
ACT, 188, 0 
ATG, 189, 0 
AGG, 190, 0 
GTG, 191, 0 
GAT, 192, 0 
GTG, 193, 0 
TGC, 194, 0 
AGC, 195, 0 
ACA, 196, 0 
GAA, 197, 0 
ACT, 198, 0 
CTC, 199, 0 
AAA, 200, 0 
TGC, 201, 0 
TTA, 202, 0 
AAA, 203, 0 
GAT, 204, 0 
AAA, 205, 0 
ACA, 206, 0 
GGT, 207, 0 
GGG, 208, 0 
AAG, 209, 1 
AAG, 210, 0 
TTC, 211, 0 
TCC, 212, 0 
AAA, 213, 0 
GAA, 214, 0 
TTT, 215, 0 
GAA, 216, 0 
GAG, 217, 0 
GCA, 218, 0 
AGC, 219, 0 
TCC, 220, 0 
AAG, 221, 0 
CTG, 222, 0 
GAA, 223, 1 
GAA, 224, 0 
TTT, 225, 0 
GTG, 226, 0 
AAT, 227, 0 
GGA, 228, 0 
TTA, 229, 0 
GAT, 230, 0 
AAG, 231, 0 
CAG, 232, 0 
GTG, 233, 0 
AAA, 234, 0 
AAC, 235, 0 
GGA, 236, 0 
CCC, 237, 0 
TCA, 238, 0 
TTA, 239, 0 
ACA, 240, 0 
GAA, 241, 0 
GCA, 242, 0 
CTG, 243, 0 
GAA, 244, 0 
AAT, 245, 0 
GCT, 246, 0 
GGA, 247, 0 
ATT, 248, 0 
TTC, 249, 0 
TAT, 250, 0 
GAA, 251, 0 
GCA, 252, 0 
CAA, 253, 0 
TAC, 254, 0 
AAA, 255, 0 
GAA, 256, 0 
GTA, 257, 0 
AAA, 258, 0 
GTG, 259, 1 
GTG, 260, 0 
GCT, 261, 0 
AAT, 262, 0 
GCA, 263, 0 
TAT, 264, 0 
AAA, 265, 0 
ACC, 266, 0 
TTT, 267, 0 
GCT, 268, 0 
AAC, 269, 0 
CGA, 270, 0 
GTA, 271, 0 
AAC, 272, 0 
AAT, 273, 0 
TTA, 274, 0 
AAG, 275, 1 
AAG, 276, 1 
AAG, 277, 0 
TTG, 278, 0 
GAT, 279, 0 
CAA, 280, 0 
TTG, 281, 0 
AAG, 282, 0 
TCA, 283, 0 
ACC, 284, 0 
CTT, 285, 0 
CCA, 286, 0 
GAT, 287, 0 
CCT, 288, 0 
GAA, 289, 1 
GAA, 290, 0 
TCA, 291, 0 
CCA, 292, 0 
GTT, 293, 0 
CCT, 294, 0 
TCC, 295, 0 
CCA, 296, 0 
AGC, 297, 0 
ATG, 298, 0 
GAC, 299, 0 
GCT, 300, 0 
CCC, 301, 0 
TCC, 302, 0 
CCG, 303, 0 
ACT, 304, 0 
GGT, 305, 0 
TCT, 306, 0 
GAG, 307, 0 
TCT, 308, 0 
CCT, 309, 0 
TTT, 310, 0 
CAG, 311, 0 
GGA, 312, 0 
ATG, 313, 0 
GGA, 314, 0 
GGT, 315, 0 
GAG, 316, 0 
GAA, 317, 0 
TCC, 318, 0 
CAG, 319, 0 
TCA, 320, 0 
CCA, 321, 0 
ACC, 322, 0 
ATG, 323, 0 
GAG, 324, 0 
AGT, 325, 0 
GAG, 326, 0 
AAA, 327, 0 
TCT, 328, 0 
GCC, 329, 0 
ACA, 330, 0 
CCT, 331, 0 
GAA, 332, 0 
CCT, 333, 0 
GTG, 334, 0 
ACA, 335, 0 
GAT, 336, 0 
AAT, 337, 0 
CGT, 338, 0 
GAT, 339, 0 
GTG, 340, 0 
GAA, 341, 0 
GAC, 342, 0 
ATG, 343, 0 
GAA, 344, 0 
CTC, 345, 0 
TCA, 346, 0 
GAT, 347, 0 
GTG, 348, 0 
GAA, 349, 0 
GAT, 350, 1 
GAT, 351, 0 
GGG, 352, 0 
TCA, 353, 0 
AAA, 354, 0 
ATC, 355, 0 
ATT, 356, 0 
GTC, 357, 0 
GAG, 358, 0 
GAC, 359, 0 
AGG, 360, 0 
AAG, 361, 0 
GAA, 362, 0 
AAA, 363, 0 
CCT, 364, 0 
GCA, 365, 0 
GAG, 366, 0 
AAG, 367, 0 
TCA, 368, 0 
GCT, 369, 0 
GTA, 370, 0 
TCC, 371, 0 
ACT, 372, 0 
TCT, 373, 0 
GTA, 374, 0 
CCT, 375, 0 
ACA, 376, 0 
AAG, 377, 0 
CCA, 378, 0 
ACA, 379, 0 
GAA, 380, 0 
AAT, 381, 0 
ATC, 382, 0 
TCA, 383, 0 
AAG, 384, 0 
GCC, 385, 0 
TCT, 386, 0 
TCA, 387, 0 
TGT, 388, 0 
ACC, 389, 0 
CCA, 390, 0 
GTG, 391, 0 
CCT, 392, 0 
GTG, 393, 0 
ACC, 394, 0 
ATG, 395, 0 
ACA, 396, 0 
GCA, 397, 0 
ACT, 398, 0 
CCA, 399, 0 
CCT, 400, 0 
CTT, 401, 0 
CCA, 402, 0 
AAG, 403, 0 
CCT, 404, 0 
GTG, 405, 0 
AAT, 406, 0 
ACT, 407, 0 
TCT, 408, 0 
CTT, 409, 0 
TCC, 410, 0 
CCT, 411, 0 
TCC, 412, 0 
CCA, 413, 0 
GCA, 414, 0 
TTG, 415, 0 
GCT, 416, 0 
TTG, 417, 0 
CCA, 418, 0 
AAC, 419, 0 
CTG, 420, 0 
GCT, 421, 0 
AAT, 422, 0 
GTG, 423, 0 
GAT, 424, 0 
CTG, 425, 0 
GCA, 426, 0 
AAG, 427, 0 
ATC, 428, 0 
AGT, 429, 0 
TCC, 430, 0 
ATC, 431, 0 
CTT, 432, 0 
AGC, 433, 0 
AGT, 434, 0 
TTA, 435, 0 
ACA, 436, 0 
TCA, 437, 0 
GTC, 438, 0 
ATG, 439, 0 
AAA, 440, 0 
AAT, 441, 0 
ACT, 442, 0 
GGG, 443, 0 
GTC, 444, 0 
AGT, 445, 0 
CCT, 446, 0 
GCA, 447, 0 
TCA, 448, 0 
AGA, 449, 0 
CCT, 450, 0 
TCT, 451, 0 
CCA, 452, 0 
GGA, 453, 0 
ACG, 454, 0 
CCC, 455, 0 
ACC, 456, 0 
AGC, 457, 0 
CCC, 458, 0 
AGC, 459, 0 
AAC, 460, 0 
CTC, 461, 0 
ACC, 462, 0 
AGT, 463, 0 
GGC, 464, 0 
CTG, 465, 0 
AAA, 466, 0 
ACA, 467, 0 
CCT, 468, 0 
GCA, 469, 0 
CCT, 470, 0 
GCC, 471, 0 
ACG, 472, 0 
ACA, 473, 1 
ACA, 474, 0 
TCT, 475, 0 
CAC, 476, 0 
AAC, 477, 0 
CCT, 478, 0 
CTG, 479, 0 
GCA, 480, 0 
AAT, 481, 0 
ATC, 482, 0 
CTC, 483, 0 
TCC, 484, 0 
AAG, 485, 0 
GTG, 486, 0 
GAG, 487, 0 
ATC, 488, 0 
ACC, 489, 0 
CCA, 490, 0 
GAG, 491, 0 
AGC, 492, 0 
ATT, 493, 0 
CTG, 494, 0 
TCT, 495, 0 
GCA, 496, 0 
CTT, 497, 0 
TCC, 498, 0 
AAA, 499, 0 
ACC, 500, 0 
CAG, 501, 0 
ACA, 502, 0 
CAG, 503, 0 
TCA, 504, 0 
GCC, 505, 0 
CCT, 506, 0 
GCA, 507, 0 
CTG, 508, 0 
CAA, 509, 0 
GGC, 510, 0 
CTG, 511, 0 
TCA, 512, 0 
TCT, 513, 0 
TTA, 514, 0 
CTT, 515, 0 
CAG, 516, 0 
AGT, 517, 0 
GTT, 518, 0 
ACT, 519, 0 
GGG, 520, 0 
AAC, 521, 0 
CCA, 522, 0 
GTT, 523, 0 
CCA, 524, 0 
GCC, 525, 0 
AGT, 526, 0 
GAA, 527, 0 
GCT, 528, 0 
GCC, 529, 0 
TCA, 530, 0 
CAG, 531, 0 
AGC, 532, 0 
ACT, 533, 0 
TCA, 534, 0 
GCC, 535, 0 
TCC, 536, 0 
CCT, 537, 0 
GCC, 538, 0 
AAC, 539, 0 
ACC, 540, 0 
ACA, 541, 0 
GTC, 542, 0 
TCT, 543, 0 
ACC, 544, 0 
ATA, 545, 0 
AAG, 546, 0 
GGA, 547, 0 
AGA, 548, 0 
AAT, 549, 0 
CTG, 550, 0 
CCC, 551, 0 
TCC, 552, 0 
AGT, 553, 0 
GCC, 554, 0 
CAA, 555, 0 
CCT, 556, 0 
TTT, 557, 0 
ATT, 558, 0 
CCC, 559, 0 
AAA, 560, 0 
AGC, 561, 0 
TTC, 562, 0 
AAC, 563, 0 
TAT, 564, 0 
TCT, 565, 0 
CCT, 566, 0 
AAC, 567, 0 
TCA, 568, 1 
TCA, 569, 0 
ACT, 570, 0 
TCT, 571, 0 
GAA, 572, 0 
GTC, 573, 0 
TCT, 574, 0 
TCA, 575, 0 
ACT, 576, 0 
TCA, 577, 0 
GCC, 578, 0 
AGC, 579, 0 
AAG, 580, 0 
GCC, 581, 0 
TCA, 582, 0 
ATT, 583, 0 
GGG, 584, 0 
CAA, 585, 0 
AGC, 586, 0 
CCA, 587, 0 
GGG, 588, 0 
CTC, 589, 0 
CCA, 590, 0 
AGC, 591, 0 
ACT, 592, 1 
ACT, 593, 0 
TTT, 594, 0 
AAA, 595, 0 
CTA, 596, 0 
CCT, 597, 0 
TCC, 598, 0 
AAC, 599, 0 
TCT, 600, 0 
TTG, 601, 0 
GGG, 602, 0 
TTT, 603, 0 
ACA, 604, 0 
GCT, 605, 0 
ACC, 606, 0 
CAC, 607, 0 
AAT, 608, 0 
ACT, 609, 0 
AGC, 610, 0 
CCT, 611, 0 
GCT, 612, 0 
GCC, 613, 0 
CCA, 614, 0 
CCT, 615, 0 
ACT, 616, 0 
GAA, 617, 0 
GTT, 618, 0 
ACC, 619, 0 
ATC, 620, 0 
TGC, 621, 0 
CAA, 622, 0 
TCT, 623, 0 
TCA, 624, 0 
GAG, 625, 0 
GTC, 626, 0 
TCC, 627, 0 
AAG, 628, 0 
CCA, 629, 0 
AAG, 630, 0 
CTG, 631, 0 
GAG, 632, 0 
TCA, 633, 0 
GAG, 634, 0 
TCC, 635, 0 
ACC, 636, 0 
TCC, 637, 0 
CCA, 638, 0 
AGC, 639, 0 
CTG, 640, 0 
GAA, 641, 0 
ATG, 642, 0 
AAG, 643, 0 
ATT, 644, 0 
CAC, 645, 0 
AAC, 646, 0 
TTC, 647, 0 
TTA, 648, 0 
AAA, 649, 0 
GGT, 650, 0 
AAT, 651, 0 
CCT, 652, 0 
GGT, 653, 0 
TTC, 654, 0 
AGT, 655, 0 
GGC, 656, 0 
TTA, 657, 0 
AAC, 658, 0 
TTA, 659, 0 
AAC, 660, 0 
ATC, 661, 0 
CCA, 662, 0 
ATC, 663, 0 
CTG, 664, 0 
AGC, 665, 0 
AGT, 666, 0 
TTG, 667, 0 
GGG, 668, 0 
TCC, 669, 0 
AGC, 670, 0 
GCC, 671, 0 
CCA, 672, 0 
TCA, 673, 0 
GAG, 674, 0 
AGC, 675, 0 
CAT, 676, 0 
CCC, 677, 0 
TCA, 678, 0 
GAC, 679, 0 
TTC, 680, 0 
CAG, 681, 0 
CGT, 682, 0 
GGC, 683, 0 
CCT, 684, 0 
ACT, 685, 0 
AGC, 686, 0 
ACC, 687, 0 
TCA, 688, 0 
ATC, 689, 0 
GAC, 690, 0 
AAC, 691, 0 
ATT, 692, 0 
GAT, 693, 0 
GGA, 694, 0 
ACC, 695, 0 
CCT, 696, 0 
GTA, 697, 0 
CGG, 698, 0 
GAT, 699, 0 
GAA, 700, 0 
CGG, 701, 0 
AGT, 702, 0 
GGG, 703, 0 
ACA, 704, 0 
CCC, 705, 0 
ACC, 706, 0 
CAG, 707, 0 
GAT, 708, 0 
GAG, 709, 0 
ATG, 710, 1 
ATG, 711, 0 
GAC, 712, 0 
AAG, 713, 0 
CCC, 714, 0 
ACA, 715, 0 
TCC, 716, 0 
AGC, 717, 0 
AGT, 718, 0 
GTA, 719, 0 
GAT, 720, 0 
ACT, 721, 0 
ATG, 722, 0 
TCC, 723, 0 
CTG, 724, 0 
CTT, 725, 0 
TCT, 726, 0 
AAG, 727, 0 
ATC, 728, 0 
ATT, 729, 0 
AGC, 730, 0 
CCT, 731, 0 
GGT, 732, 0 
TCC, 733, 0 
TCA, 734, 0 
ACA, 735, 0 
CCC, 736, 0 
AGC, 737, 0 
AGT, 738, 0 
ACA, 739, 0 
AGA, 740, 0 
TCA, 741, 0 
CCA, 742, 0 
CCC, 743, 0 
CCT, 744, 0 
GGG, 745, 0 
AGA, 746, 0 
GAT, 747, 0 
GAA, 748, 0 
AGC, 749, 0 
TAC, 750, 0 
CCC, 751, 0 
CGA, 752, 0 
GAG, 753, 0 
CTC, 754, 0 
TCC, 755, 0 
AAT, 756, 0 
TCT, 757, 0 
GTA, 758, 0 
TCT, 759, 0 
ACA, 760, 0 
TAT, 761, 0 
CGA, 762, 0 
CCC, 763, 0 
TTT, 764, 0 
GGT, 765, 0 
CTG, 766, 0 
GGC, 767, 0 
AGT, 768, 0 
GAA, 769, 0 
TCT, 770, 0 
CCC, 771, 0 
TAT, 772, 0 
AAG, 773, 0 
CAG, 774, 0 
CCT, 775, 0 
TCT, 776, 0 
GAT, 777, 0 
GGA, 778, 0 
ATG, 779, 0 
GAG, 780, 0 
AGA, 781, 0 
CCA, 782, 0 
TCT, 783, 0 
TCC, 784, 0 
CTG, 785, 0 
ATG, 786, 0 
GAC, 787, 0 
TCT, 788, 0 
TCA, 789, 0 
CAG, 790, 0 
GAA, 791, 0 
AAG, 792, 0 
TTC, 793, 0 
TAC, 794, 0 
CCA, 795, 0 
GAT, 796, 0 
ACT, 797, 0 
TCT, 798, 0 
TTC, 799, 0 
CAA, 800, 0 
GAA, 801, 0 
GAT, 802, 0 
GAG, 803, 0 
GAT, 804, 0 
TAC, 805, 0 
CGA, 806, 0 
GAT, 807, 0 
TTT, 808, 0 
GAG, 809, 0 
TAT, 810, 0 
TCA, 811, 0 
GGG, 812, 0 
CCT, 813, 0 
CCA, 814, 0 
CCC, 815, 0 
TCT, 816, 0 
GCC, 817, 0 
ATG, 818, 1 
ATG, 819, 0 
AAC, 820, 0 
CTA, 821, 0 
GAG, 822, 0 
AAG, 823, 0 
AAA, 824, 0 
CCA, 825, 0 
GCC, 826, 0 
AAA, 827, 0 
TCT, 828, 0 
ATC, 829, 0 
CTG, 830, 0 
AAA, 831, 0 
TCA, 832, 0 
AGC, 833, 0 
AAG, 834, 0 
CTG, 835, 0 
TCT, 836, 0 
GAT, 837, 0 
ACC, 838, 1 
ACC, 839, 0 
GAG, 840, 0 
TAC, 841, 0 
CAG, 842, 0 
CCA, 843, 0 
ATT, 844, 0 
CTG, 845, 0 
TCC, 846, 0 
AGT, 847, 0 
TAT, 848, 0 
AGC, 849, 0 
CAC, 850, 0 
AGA, 851, 0 
GCC, 852, 0 
CAA, 853, 0 
GAA, 854, 0 
TTT, 855, 0 
GGG, 856, 0 
GTA, 857, 0 
AAG, 858, 0 
TCT, 859, 0 
GCC, 860, 0 
TTC, 861, 0 
CCT, 862, 0 
CCA, 863, 0 
TCT, 864, 0 
GTA, 865, 0 
AGG, 866, 0 
GCC, 867, 0 
CTC, 868, 0 
CTG, 869, 0 
GAC, 870, 0 
TCT, 871, 0 
AGT, 872, 0 
GAG, 873, 0 
AAC, 874, 0 
TGT, 875, 0 
GAC, 876, 0 
CGT, 877, 0 
CTC, 878, 0 
TCA, 879, 0 
TCT, 880, 0 
TCC, 881, 0 
CCT, 882, 0 
GGG, 883, 0 
CTA, 884, 0 
TTT, 885, 0 
GGT, 886, 0 
GCC, 887, 0 
TTC, 888, 0 
AGC, 889, 0 
GTA, 890, 0 
AGA, 891, 0 
GGG, 892, 0 
AAT, 893, 0 
GAA, 894, 0 
CCT, 895, 0 
GGG, 896, 0 
TCT, 897, 0 
GAC, 898, 0 
CGG, 899, 0 
TCA, 900, 0 
CCA, 901, 0 
TCA, 902, 0 
CCG, 903, 0 
AGT, 904, 0 
AAG, 905, 0 
AAT, 906, 0 
GAT, 907, 0 
TCA, 908, 0 
TTT, 909, 0 
TTC, 910, 0 
ACC, 911, 0 
CCT, 912, 0 
GAC, 913, 0 
TCC, 914, 0 
AAC, 915, 0 
CAC, 916, 0 
AAT, 917, 0 
AGC, 918, 0 
TTG, 919, 0 
TCT, 920, 0 
CAA, 921, 0 
TCT, 922, 0 
ACC, 923, 0 
ACT, 924, 0 
GGG, 925, 0 
CAT, 926, 0 
CTC, 927, 0 
AGT, 928, 0 
TTG, 929, 0 
CCA, 930, 0 
CAG, 931, 0 
AAG, 932, 0 
CAG, 933, 0 
TAC, 934, 0 
CCA, 935, 0 
GAC, 936, 0 
TCT, 937, 0 
CCT, 938, 0 
CAC, 939, 0 
CCA, 940, 0 
GTC, 941, 0 
CCA, 942, 0 
CAT, 943, 0 
CGT, 944, 0 
TCC, 945, 0 
CTT, 946, 0 
TTC, 947, 0 
TCT, 948, 0 
CCG, 949, 0 
CAG, 950, 0 
AAC, 951, 0 
ACC, 952, 0 
CTT, 953, 0 
GCC, 954, 0 
GCT, 955, 0 
CCC, 956, 0 
ACG, 957, 0 
GGT, 958, 0 
CAC, 959, 0 
CCA, 960, 0 
CCC, 961, 0 
ACG, 962, 0 
TCA, 963, 0 
GGC, 964, 0 
GTG, 965, 0 
GAG, 966, 0 
AAA, 967, 0 
GTC, 968, 0 
CTG, 969, 0 
GCC, 970, 0 
TCC, 971, 0 
ACC, 972, 0 
ATT, 973, 0 
TCC, 974, 0 
ACC, 975, 0 
ACG, 976, 0 
TCG, 977, 0 
ACG, 978, 0 
ATT, 979, 0 
GAA, 980, 0 
TTT, 981, 0 
AAG, 982, 0 
AAT, 983, 0 
ATG, 984, 0 
CTT, 985, 0 
AAA, 986, 0 
AAC, 987, 0 
GCC, 988, 0 
TCA, 989, 0 
CGT, 990, 0 
AAG, 991, 0 
CCC, 992, 0 
TCA, 993, 0 
GAT, 994, 1 
GAT, 995, 0 
AAG, 996, 0 
CAT, 997, 0 
TTT, 998, 0 
GGC, 999, 0 
CAG, 1000, 0 
GCT, 1001, 0 
CCC, 1002, 0 
AGC, 1003, 0 
AAG, 1004, 0 
GGC, 1005, 0 
ACT, 1006, 0 
CCA, 1007, 0 
AGT, 1008, 0 
GAT, 1009, 0 
GGT, 1010, 0 
GTC, 1011, 0 
AGT, 1012, 0 
CTC, 1013, 0 
TCA, 1014, 0 
AAC, 1015, 0 
CTC, 1016, 0 
ACC, 1017, 0 
CAA, 1018, 0 
CCC, 1019, 0 
AGC, 1020, 0 
TTG, 1021, 0 
ACC, 1022, 0 
GCC, 1023, 0 
ACT, 1024, 0 
GAT, 1025, 0 
CAG, 1026, 1 
CAG, 1027, 0 
CAA, 1028, 1 
CAA, 1029, 0 
GAA, 1030, 0 
GAG, 1031, 0 
CAC, 1032, 0 
TAC, 1033, 0 
CGC, 1034, 0 
ATA, 1035, 0 
GAA, 1036, 0 
ACC, 1037, 0 
CGC, 1038, 0 
GTC, 1039, 0 
TCC, 1040, 1 
TCC, 1041, 1 
TCC, 1042, 0 
TGC, 1043, 0 
TTA, 1044, 0 
GAC, 1045, 0 
TTG, 1046, 0 
CCT, 1047, 0 
GAT, 1048, 0 
AGC, 1049, 0 
ACA, 1050, 0 
GAA, 1051, 1 
GAA, 1052, 0 
AAG, 1053, 0 
GGG, 1054, 0 
GCC, 1055, 0 
CCT, 1056, 0 
ATA, 1057, 0 
GAA, 1058, 0 
ACC, 1059, 0 
TTG, 1060, 0 
GGT, 1061, 0 
TAT, 1062, 0 
CAC, 1063, 0 
AGT, 1064, 0 
GCA, 1065, 0 
TCC, 1066, 0 
AAT, 1067, 0 
AGG, 1068, 1 
AGG, 1069, 0 
ATG, 1070, 0 
TCA, 1071, 0 
GGG, 1072, 0 
GAG, 1073, 0 
CCG, 1074, 0 
ATC, 1075, 0 
CAG, 1076, 0 
ACC, 1077, 0 
GTA, 1078, 0 
GAG, 1079, 0 
TCC, 1080, 0 
ATC, 1081, 0 
CGA, 1082, 0 
GTT, 1083, 0 
CCT, 1084, 0 
GGG, 1085, 0 
AAG, 1086, 0 
GGA, 1087, 0 
AAT, 1088, 0 
AGA, 1089, 0 
GGA, 1090, 0 
CAT, 1091, 0 
GGG, 1092, 0 
CGT, 1093, 0 
GAG, 1094, 0 
GCT, 1095, 0 
TCA, 1096, 0 
AGG, 1097, 0 
GTG, 1098, 0 
GGT, 1099, 0 
TGG, 1100, 0 
TTT, 1101, 0 
GAT, 1102, 0 
CTG, 1103, 0 
AGC, 1104, 0 
ACA, 1105, 0 
TCA, 1106, 0 
GGT, 1107, 0 
AGC, 1108, 0 
TCT, 1109, 0 
TTT, 1110, 0 
GAC, 1111, 0 
AAT, 1112, 0 
GGC, 1113, 0 
CCT, 1114, 0 
TCA, 1115, 0 
AGT, 1116, 0 
GCC, 1117, 0 
TCT, 1118, 0 
GAG, 1119, 0 
TTG, 1120, 0 
GCA, 1121, 0 
TCC, 1122, 0 
CTT, 1123, 0 
GGG, 1124, 0 
GGT, 1125, 0 
GGG, 1126, 0 
GGC, 1127, 0 
AGC, 1128, 0 
GGA, 1129, 0 
GGC, 1130, 0 
CTC, 1131, 0 
ACT, 1132, 0 
GGC, 1133, 0 
TTT, 1134, 0 
AAA, 1135, 0 
ACA, 1136, 0 
GCA, 1137, 0 
CCA, 1138, 0 
TAC, 1139, 0 
AAG, 1140, 0 
GAA, 1141, 0 
CGG, 1142, 0 
GCA, 1143, 0 
CCT, 1144, 0 
CAA, 1145, 0 
TTT, 1146, 0 
CAG, 1147, 0 
GAG, 1148, 0 
AGT, 1149, 0 
GTC, 1150, 0 
GGC, 1151, 0 
AGC, 1152, 0 
TTT, 1153, 0 
CGT, 1154, 0 
TCC, 1155, 0 
AAC, 1156, 0 
AGT, 1157, 0 
TTC, 1158, 0 
AAC, 1159, 0 
TCA, 1160, 0 
ACA, 1161, 0 
TTT, 1162, 0 
GAG, 1163, 0 
CAT, 1164, 1 
CAT, 1165, 0 
CTT, 1166, 0 
CCC, 1167, 0 
CCA, 1168, 0 
TCC, 1169, 0 
CCC, 1170, 0 
TTG, 1171, 0 
GAA, 1172, 0 
CAT, 1173, 0 
GGG, 1174, 0 
ACA, 1175, 0 
CCC, 1176, 0 
TTC, 1177, 0 
CAG, 1178, 0 
AGA, 1179, 0 
GAG, 1180, 0 
CCA, 1181, 0 
GTG, 1182, 0 
GGG, 1183, 0 
CCA, 1184, 0 
TCA, 1185, 0 
TCT, 1186, 0 
GCC, 1187, 0 
CCA, 1188, 0 
CCT, 1189, 0 
GTC, 1190, 0 
CCT, 1191, 1 
CCT, 1192, 0 
AAG, 1193, 0 
GAT, 1194, 0 
CAT, 1195, 0 
GGT, 1196, 1 
GGT, 1197, 0 
ATC, 1198, 0 
TTC, 1199, 0 
TCT, 1200, 0 
CGA, 1201, 0 
GAT, 1202, 0 
GCA, 1203, 0 
CCC, 1204, 0 
ACT, 1205, 0 
CAT, 1206, 0 
CTA, 1207, 0 
CCC, 1208, 0 
TCT, 1209, 0 
GTG, 1210, 0 
GAT, 1211, 0 
CTT, 1212, 0 
TCG, 1213, 0 
AAC, 1214, 0 
CCC, 1215, 0 
TTC, 1216, 0 
ACA, 1217, 0 
AAG, 1218, 0 
GAG, 1219, 0 
GCA, 1220, 0 
GCC, 1221, 0 
CTG, 1222, 0 
GCC, 1223, 0 
CAT, 1224, 0 
GCT, 1225, 0 
GCC, 1226, 0 
CCA, 1227, 0 
CCC, 1228, 0 
CCT, 1229, 1 
CCT, 1230, 1 
CCT, 1231, 0 
GGA, 1232, 0 
GAG, 1233, 0 
CAC, 1234, 0 
AGT, 1235, 0 
GGA, 1236, 0 
ATT, 1237, 0 
CCT, 1238, 0 
TTC, 1239, 0 
CCT, 1240, 0 
ACC, 1241, 0 
CCA, 1242, 0 
CCT, 1243, 1 
CCT, 1244, 1 
CCT, 1245, 0 
CCC, 1246, 0 
CCT, 1247, 1 
CCT, 1248, 0 
GGG, 1249, 0 
GAA, 1250, 0 
CAT, 1251, 0 
AGC, 1252, 1 
AGC, 1253, 0 
AGT, 1254, 0 
GGT, 1255, 0 
GGG, 1256, 0 
AGT, 1257, 0 
GGT, 1258, 0 
GTC, 1259, 0 
CCC, 1260, 0 
TTT, 1261, 0 
TCT, 1262, 0 
ACT, 1263, 0 
CCA, 1264, 0 
CCC, 1265, 0 
CCT, 1266, 1 
CCT, 1267, 0 
CCA, 1268, 0 
CCC, 1269, 0 
CCT, 1270, 0 
GTT, 1271, 0 
GAC, 1272, 0 
CAC, 1273, 0 
TCT, 1274, 0 
GGA, 1275, 0 
GTT, 1276, 0 
GTA, 1277, 0 
CCC, 1278, 0 
TTC, 1279, 0 
CCA, 1280, 0 
GCC, 1281, 0 
CCA, 1282, 1 
CCA, 1283, 0 
CTG, 1284, 0 
GCA, 1285, 0 
GAG, 1286, 0 
CAC, 1287, 0 
GGA, 1288, 0 
GTG, 1289, 0 
GCA, 1290, 0 
GGG, 1291, 0 
GCT, 1292, 0 
GTG, 1293, 0 
GCA, 1294, 0 
GTA, 1295, 0 
TTT, 1296, 0 
CCC, 1297, 0 
AAG, 1298, 0 
GAC, 1299, 0 
CAT, 1300, 0 
AGT, 1301, 0 
TCC, 1302, 0 
CTC, 1303, 0 
CTT, 1304, 0 
CAA, 1305, 0 
GGG, 1306, 0 
ACC, 1307, 0 
CTG, 1308, 0 
GCT, 1309, 0 
GAG, 1310, 0 
CAT, 1311, 0 
TTT, 1312, 0 
GGG, 1313, 0 
GTA, 1314, 0 
CTC, 1315, 0 
CCA, 1316, 0 
GGA, 1317, 0 
CCC, 1318, 0 
AGG, 1319, 0 
GAC, 1320, 0 
CAC, 1321, 0 
GGG, 1322, 0 
GGC, 1323, 0 
CCC, 1324, 0 
ACC, 1325, 0 
CAA, 1326, 0 
CGG, 1327, 0 
GAC, 1328, 0 
CTC, 1329, 0 
AAC, 1330, 0 
GGC, 1331, 0 
CCT, 1332, 0 
GGC, 1333, 0 
CTT, 1334, 0 
AGC, 1335, 0 
CGT, 1336, 0 
GTA, 1337, 0 
CGA, 1338, 0 
GAG, 1339, 0 
AGC, 1340, 0 
CTC, 1341, 0 
ACC, 1342, 0 
CTA, 1343, 0 
CCC, 1344, 0 
TCC, 1345, 0 
CAT, 1346, 0 
TCT, 1347, 0 
CTG, 1348, 0 
GAA, 1349, 0 
CAC, 1350, 0 
CTG, 1351, 0 
GGC, 1352, 0 
CCA, 1353, 0 
CCC, 1354, 0 
CAT, 1355, 0 
GGA, 1356, 1 
GGA, 1357, 1 
GGA, 1358, 0 
GGT, 1359, 0 
GGG, 1360, 0 
GGA, 1361, 0 
GGC, 1362, 0 
AGC, 1363, 0 
AAC, 1364, 0 
AGC, 1365, 1 
AGC, 1366, 0 
AGT, 1367, 0 
GGC, 1368, 0 
CCC, 1369, 1 
CCC, 1370, 0 
TTG, 1371, 0 
GGT, 1372, 0 
CCC, 1373, 0 
TCA, 1374, 0 
CAC, 1375, 0 
AGA, 1376, 0 
GAC, 1377, 0 
ACC, 1378, 0 
ATC, 1379, 0 
AGC, 1380, 0 
CGG, 1381, 0 
AGT, 1382, 0 
GGT, 1383, 0 
ATA, 1384, 0 
ATC, 1385, 0 
TTA, 1386, 0 
CGG, 1387, 0 
AGT, 1388, 0 
CCC, 1389, 0 
CGG, 1390, 0 
CCA, 1391, 0 
GAC, 1392, 0 
TTT, 1393, 0 
CGG, 1394, 0 
CCT, 1395, 0 
AGG, 1396, 0 
GAA, 1397, 0 
CCT, 1398, 0 
TTT, 1399, 0 
CTC, 1400, 0 
AGC, 1401, 0 
AGA, 1402, 0 
GAC, 1403, 0 
CCA, 1404, 0 
TTT, 1405, 0 
CAC, 1406, 0 
AGT, 1407, 0 
TTA, 1408, 0 
AAG, 1409, 0 
AGA, 1410, 0 
CCC, 1411, 0 
AGG, 1412, 0 
CCA, 1413, 0 
CCT, 1414, 0 
TTT, 1415, 0 
GCT, 1416, 0 
AGG, 1417, 0 
GGC, 1418, 0 
CCT, 1419, 0 
CCG, 1420, 0 
TTC, 1421, 0 
TTT, 1422, 0 
GCA, 1423, 0 
CCA, 1424, 0 
AAA, 1425, 0 
CGC, 1426, 0 
CCA, 1427, 0 
TTC, 1428, 1 
TTC, 1429, 0 
CCT, 1430, 0 
CCC, 1431, 0 
AGG, 1432, 0 
TAC, 1433, 0 
